Title,Price,Location,Bedrooms,Link
Rare opportunity to own a 5-story detached townhom,"$649,000",dallas,N/A,https://dallas.craigslist.org/dal/reb/d/dallas-rare-opportunity-to-own-5-story/7855803004.html
"This well-maintained 4-bedroom, 1.5-bath home","$224,000",dallas,N/A,https://dallas.craigslist.org/dal/reb/d/dallas-this-well-maintained-bedroom-15/7855799284.html
WOW Great value in renovated home,"$299,000",dallas,N/A,https://dallas.craigslist.org/dal/reb/d/dallas-wow-great-value-in-renovated-home/7855798793.html
LOT AT CEDAR CREEK LAKE,$0,PAYNE SPRINGS,N/A,https://dallas.craigslist.org/sdf/reo/d/mabank-lot-at-cedar-creek-lake/7845302444.html
Charming Grapevine 3BR Home ‚Äì Move-In Ready!,"$1,400",Grapevine,N/A,https://dallas.craigslist.org/mdf/reb/d/grapevine-charming-grapevine-3br-home/7855788548.html
OFF MARKET ARLINGTON FLIP,"$115,000",Arlington,N/A,https://dallas.craigslist.org/dal/reb/d/arlington-off-market-arlington-flip/7855773803.html
OFF MARKET ARLINGTON FLIP,"$115,000",Arlington,N/A,https://dallas.craigslist.org/dal/reb/d/arlington-off-market-arlington-flip/7855773651.html
Year old modular home on  100 ft Lake lot,"$150,000",Cedarcreek Lake,N/A,https://dallas.craigslist.org/dal/reo/d/mabank-year-old-modular-home-on-100-ft/7845015823.html
Year old modular home on  100 ft Lake lot,"$148,000",Cedarcreek Lake,N/A,https://dallas.craigslist.org/dal/reo/d/mabank-year-old-modular-home-on-100-ft/7845015617.html
Year old modular home on  100 ft Lake lot,"$148,000",Cedarcreek Lake,N/A,https://dallas.craigslist.org/dal/reo/d/mabank-year-old-modular-home-on-100-ft/7845015676.html
$18++CUSTOM CEDAR FENCE\PATIO COVER\\PERGOLA\\DECK\\CARPORT\ROOF,$0,"DALLAS, GARLAND, MESQUITE, ROWLETT, KAUFMAN, FENCE",N/A,https://dallas.craigslist.org/dal/reo/d/garland-18custom-cedar-fencepatio/7844998906.html
"Venus, TX 5 bed 3 bath home with pool, hot tub, deck, and more!","$344,000","Venus, TX",N/A,https://dallas.craigslist.org/mdf/reo/d/venus-venus-tx-bed-bath-home-with-pool/7851016627.html
Home in Keller ISD Fort Worth,"$275,000",Fort Worth,N/A,https://dallas.craigslist.org/ftw/reb/d/garland-home-in-keller-isd-fort-worth/7855706903.html
"1.17 acre lot in Zapata, Colorado","$12,497",dallas,N/A,https://dallas.craigslist.org/dal/reo/d/mosca-117-acre-lot-in-zapata-colorado/7844499956.html
Absolutely gorgeous condo,"$215,000",dallas,N/A,https://dallas.craigslist.org/dal/reb/d/dallas-absolutely-gorgeous-condo/7852739627.html
Charming 2 Bedroom Condo in Prime North East Dallas,"$227,500",dallas,N/A,https://dallas.craigslist.org/dal/reb/d/dallas-charming-bedroom-condo-in-prime/7850967806.html
Sprawling traditional Lake Highlands home,"$1,075,000",dallas,N/A,https://dallas.craigslist.org/dal/reb/d/dallas-sprawling-traditional-lake/7850970615.html
"Featuring 5 spacious bedrooms and 3 full bathrooms, i","$415,000",dallas,N/A,https://dallas.craigslist.org/dal/reb/d/dallas-featuring-spacious-bedrooms-and/7850104797.html
Welcome to this modern 2025 build,"$349,900",dallas,N/A,https://dallas.craigslist.org/dal/reb/d/dallas-welcome-to-this-modern-2025-build/7849707328.html
One story home with 2 car garage,"$425,000",dallas,N/A,https://dallas.craigslist.org/dal/reb/d/dallas-one-story-home-with-car-garage/7847240604.html
Modern Living in the Heart of Little Forest Hills,"$724,900",dallas,N/A,https://dallas.craigslist.org/dal/reb/d/dallas-modern-living-in-the-heart-of/7846898064.html
"‚Ä¢ Located steps from University Park Elementary School,","$3,399,000",dallas,N/A,https://dallas.craigslist.org/dal/reb/d/dallas-located-steps-from-university/7848840088.html
Welcome to your charming Bungalow in the heart of East Dallas!,"$575,000",dallas,N/A,https://dallas.craigslist.org/dal/reb/d/dallas-welcome-to-your-charming/7845901498.html
"Welcome to your next chapter in this move-in ready 3-bedroom, 2-bathro","$635,000",dallas,N/A,https://dallas.craigslist.org/dal/reb/d/dallas-welcome-to-your-next-chapter-in/7848288558.html
NEW CONSTRUCTION,"$975,000",dallas,N/A,https://dallas.craigslist.org/dal/reb/d/dallas-new-construction/7851652042.html
"Featuring 5 spacious bedrooms and 3 full bathrooms,","$415,000",dallas,N/A,https://dallas.craigslist.org/dal/reb/d/dallas-featuring-spacious-bedrooms-and/7850650906.html
located in North Dallas,"$520,000",dallas,N/A,https://dallas.craigslist.org/dal/reb/d/dallas-located-in-north-dallas/7849914401.html
Incredible urban location in the heart of uptown,"$298,000",dallas,N/A,https://dallas.craigslist.org/dal/reb/d/dallas-incredible-urban-location-in-the/7852765225.html
"Recently renovated and move-in ready, t","$135,000",dallas,N/A,https://dallas.craigslist.org/dal/reb/d/dallas-recently-renovated-and-move-in/7849541082.html
Welcome to 18747 Gibbons in the desirable Landmark,"$575,000",dallas,N/A,https://dallas.craigslist.org/dal/reb/d/dallas-welcome-to-gibbons-in-the/7848560843.html
"Updated, Immaculate three-bedroom home with two","$299,900",dallas,N/A,https://dallas.craigslist.org/dal/reb/d/dallas-updated-immaculate-three-bedroom/7846126836.html
Live in the heart of Dallas in this luxury 3 story,"$675,000",dallas,N/A,https://dallas.craigslist.org/dal/reb/d/dallas-live-in-the-heart-of-dallas-in/7846894692.html
Luxury Creekside Townhomes Gated Community,"$1,575,000",dallas,N/A,https://dallas.craigslist.org/dal/reb/d/dallas-luxury-creekside-townhomes-gated/7852828627.html
"Welcome to EFFORTLESS ELEGANCE at La Tour,","$675,000",dallas,N/A,https://dallas.craigslist.org/dal/reb/d/dallas-welcome-to-effortless-elegance/7845905307.html
Charming 3-Bedroom Home in Prime Location!,"$290,000",dallas,N/A,https://dallas.craigslist.org/dal/reb/d/corsicana-charming-bedroom-home-in/7851682967.html
"Nestled in the prestigious heart of Preston Hollow,","$1,800,000",dallas,N/A,https://dallas.craigslist.org/dal/reb/d/dallas-nestled-in-the-prestigious-heart/7848284609.html
"Charming 3-bedroom, 2-bath home","$549,900",dallas,N/A,https://dallas.craigslist.org/dal/reb/d/dallas-charming-bedroom-bath-home/7851651661.html
Welcome to Unit 203 at 5806 Birchbrook,"$318,900",dallas,N/A,https://dallas.craigslist.org/dal/reb/d/dallas-welcome-to-unit-203-at-5806/7852824313.html
Welcome to your dream home in the heart of East Dallas,"$1,287,000",dallas,N/A,https://dallas.craigslist.org/dal/reb/d/dallas-welcome-to-your-dream-home-in/7852747413.html
This is the home you have been looking for,"$1,025,000",dallas,N/A,https://dallas.craigslist.org/dal/reb/d/dallas-this-is-the-home-you-have-been/7852762639.html
Location! Location!,"$170,000",dallas,N/A,https://dallas.craigslist.org/dal/reb/d/dallas-location-location/7852748063.html
Nestled beneath a canopy of mature trees,"$775,000",dallas,N/A,https://dallas.craigslist.org/dal/reb/d/dallas-nestled-beneath-canopy-of-mature/7852760318.html
"SELLERS OFFERING $15,000","$369,000",dallas,N/A,https://dallas.craigslist.org/dal/reb/d/dallas-sellers-offering-15000/7852758799.html
Priced well below comps!,"$8,995,000",dallas,N/A,https://dallas.craigslist.org/dal/reb/d/dallas-priced-well-below-comps/7852747738.html
"Sensational J. Stiles custom home built in 2017,","$4,150,000",dallas,N/A,https://dallas.craigslist.org/dal/reb/d/dallas-sensational-stiles-custom-home/7849915322.html
Absolute Perfection in Casa View!,"$424,900",dallas,N/A,https://dallas.craigslist.org/dal/reb/d/dallas-absolute-perfection-in-casa-view/7852738862.html
"Just Listed ‚Äì $1,095,000 7032 Roundrock Road, Dallas,","$1,095,000",dallas,N/A,https://dallas.craigslist.org/dal/reb/d/dallas-just-listed-roundrock-road-dallas/7850657332.html
"302 W. 5th St., Justin, TX - with 0.55 Acre of land","$299,900","Justin, TX",N/A,https://dallas.craigslist.org/ftw/reo/d/justin-302-5th-st-justin-tx-with-055/7845171715.html
"13317 Mountain Creek Dr., Venus- 4.57 Acres of land","$439,900","Venus, TX",N/A,https://dallas.craigslist.org/ftw/reo/d/lillian-mountain-creek-dr-venus-457/7845177428.html
"8820 Skyline Dr., Joshua, TX - 3/2 on 8 Acres with a horse barn","$799,000","Joshua, TX",N/A,https://dallas.craigslist.org/ftw/reo/d/joshua-8820-skyline-dr-joshua-tx-on/7845177596.html
"6617 Laurel Ln., Joshua, TX - 3/2 MH with 1 Acre","$159,900","Joshua, TX",N/A,https://dallas.craigslist.org/ftw/reo/d/joshua-6617-laurel-ln-joshua-tx-mh-with/7845177756.html
"2224 N. FM 157, Venus, TX - with 10 Acres of land","$950,000","Venus, TX",N/A,https://dallas.craigslist.org/ftw/reo/d/venus-2224-fm-157-venus-tx-with-10/7845178350.html
"1511 Estates Way, Carrollton, TX - 6/3/2 on 0.35 Acre","$599,000","Carrollton, TX",N/A,https://dallas.craigslist.org/dal/reo/d/carrollton-1511-estates-way-carrollton/7845180263.html
"351 Witt Rd., Little Elm, TX - with 0.68 Acre of land","$799,000","Little Elm, TX",N/A,https://dallas.craigslist.org/ndf/reo/d/frisco-351-witt-rd-little-elm-tx-with/7845181253.html
"1608 Royalwood Cir., Joshua, TX - 3/2 house with 4.25 Acres of land","$799,000","Joshua, TX",N/A,https://dallas.craigslist.org/ftw/reo/d/joshua-1608-royalwood-cir-joshua-tx/7845181814.html
"501 S. Main St., Venus, TX - 3/1 with 0.29 Acre of land","$199,900","Venus, TX",N/A,https://dallas.craigslist.org/ftw/reo/d/venus-501-main-st-venus-tx-with-029/7845181899.html
"10 Live Oak Lane, Hickory Creek, TX","$475,000","Hickory Creek, TX",N/A,https://dallas.craigslist.org/ndf/reo/d/lake-dallas-10-live-oak-lane-hickory/7845182026.html
"746 Gail Dr., Weatherford, TX - 3/2/2 with 1 Acre","$350,000","Weatherford, TX",N/A,https://dallas.craigslist.org/ftw/reo/d/weatherford-746-gail-dr-weatherford-tx/7844087680.html
FOR SALE: 01 St Hwy 198!!,"$599,000",Mabank,N/A,https://dallas.craigslist.org/dal/reb/d/mabank-for-sale-01-st-hwy-198/7845893720.html
FOR SALE: 902 W Mason St!!,"$999,000",Mabank,N/A,https://dallas.craigslist.org/dal/reb/d/mabank-for-sale-902-mason-st/7844628662.html
FOR SALE: 0 VZ CR 2702!!,"$1,200,000",Mabank,N/A,https://dallas.craigslist.org/dal/reb/d/mabank-for-sale-vz-cr-2702/7844628047.html
"5573 Rice Dr., The Colony, TX - 3/2/2","$329,900","The Colony, TX",N/A,https://dallas.craigslist.org/ndf/reo/d/frisco-5573-rice-dr-the-colony-tx/7845182830.html
"400 Maple St., Aubrey, TX - with 0.5 Acre of land","$499,000","Aubrey, TX",N/A,https://dallas.craigslist.org/ndf/reo/d/aubrey-400-maple-st-aubrey-tx-with-05/7845182727.html
FOR SALE: 0 HWY 175 E!!,"$650,000",Mabank,N/A,https://dallas.craigslist.org/dal/reb/d/mabank-for-sale-hwy-175/7847088828.html
"1527 Shady Woods Dr., Quinlan -1.5 Acres of land near Lake Tawakoni","$239,900","Quinlan, TX",N/A,https://dallas.craigslist.org/dal/reo/d/quinlan-1527-shady-woods-dr-quinlan-15/7845968935.html
FOR SALE: 2400 S Business 45!!,"$2,200,000",Corsicana,N/A,https://dallas.craigslist.org/dal/reb/d/corsicana-for-sale-2400-business-45/7844624509.html
FOR SALE: 15821 E US HWY 175!!,"$1,100,000",Kemp,N/A,https://dallas.craigslist.org/dal/reb/d/mabank-for-sale-us-hwy-175/7844628361.html
FOR SALE: 0 HWY 175 E!!,"$1,430,000",Mabank,N/A,https://dallas.craigslist.org/dal/reb/d/mabank-for-sale-hwy-175/7847086283.html
FOR SALE: 05 S St Hwy 198!!,"$999,000",Mabank,N/A,https://dallas.craigslist.org/dal/reb/d/mabank-for-sale-05-st-hwy-198/7844628950.html
"239 Anderson St., Wilmer, TX","$295,000","Wilmer, TX",N/A,https://dallas.craigslist.org/dal/reo/d/wilmer-239-anderson-st-wilmer-tx/7845972510.html
FOR SALE: 0 Barnes Rd!!,"$3,660,000",Mabank,N/A,https://dallas.craigslist.org/dal/reb/d/mabank-for-sale-barnes-rd/7844624108.html
FOR SALE: 0 HWY 334!!,"$1,900,000",Cedar Creek Lake,N/A,https://dallas.craigslist.org/dal/reb/d/mabank-for-sale-hwy-334/7844624740.html
"9701 Glengreen Dr., Dallas, TX","$189,900","Dallas, TX",N/A,https://dallas.craigslist.org/dal/reo/d/mesquite-9701-glengreen-dr-dallas-tx/7845969781.html
FOR SALE: 15879 CR 4015!!,"$475,000",Cedar Creek Lake,N/A,https://dallas.craigslist.org/dal/reb/d/mabank-for-sale-cr-4015/7846496847.html
"2942 Don Street, Dallas, TX 75227","$149,900","Dallas, TX",N/A,https://dallas.craigslist.org/dal/reo/d/dallas-2942-don-street-dallas-tx-75227/7845969591.html
"5137 Pruitt Drive, The Colony, TX","$319,900","The Colony, TX",N/A,https://dallas.craigslist.org/ndf/reo/d/frisco-5137-pruitt-drive-the-colony-tx/7845969117.html
**SOLD** 4 Bed/3 Bath Investment Opportunity in Frisco,$0,Frisco,N/A,https://dallas.craigslist.org/ndf/reb/d/frisco-sold-bed-bath-investment/7855676137.html
"3504 Briercliff Dr., Denton, TX 76210","$299,900","Denton, TX",N/A,https://dallas.craigslist.org/ndf/reo/d/denton-3504-briercliff-dr-denton-tx/7845966066.html
FOR SALE: 1106 E Cedar Creek Pkwy!!,"$5,250,000",Cedar Creek Lake,N/A,https://dallas.craigslist.org/dal/reb/d/kemp-for-sale-1106-cedar-creek-pkwy/7844623939.html
FOR SALE: 216 Hide A Way Dr!!,"$950,000",Cedar Creek Lake,N/A,https://dallas.craigslist.org/dal/reb/d/mabank-for-sale-216-hide-way-dr/7844629185.html
FOR SALE: 132 Tanda Trail!!,"$519,900",Cedar Creek Lake,N/A,https://dallas.craigslist.org/dal/reb/d/mabank-for-sale-132-tanda-trail/7845894754.html
FOR SALE: 108 Oakridge Court!,"$622,000",Oakmont,N/A,https://dallas.craigslist.org/dal/reb/d/mabank-for-sale-108-oakridge-court/7844636276.html
FOR SALE: 04 S St Hwy 198!!,"$479,000",Mabank,N/A,https://dallas.craigslist.org/dal/reb/d/mabank-for-sale-04-st-hwy-198/7845895130.html
FOR SALE: 119 Oakbend Trail!!,"$649,900",Oakmont,N/A,https://dallas.craigslist.org/dal/reb/d/mabank-for-sale-119-oakbend-trail/7844636073.html
FOR SALE: 02 S Hwy 198!!,"$484,000",Mabank,N/A,https://dallas.craigslist.org/dal/reb/d/mabank-for-sale-02-hwy-198/7845894988.html
FOR SALE: 103 Cape Shore Dr!!,"$899,000",Cedar Creek Lake,N/A,https://dallas.craigslist.org/dal/reb/d/mabank-for-sale-103-cape-shore-dr/7844633877.html
FOR SALE: 0 Harbor Point Rd!!,"$599,000",Gun Barrel City,N/A,https://dallas.craigslist.org/dal/reb/d/mabank-for-sale-harbor-point-rd/7844639077.html
FOR SALE: 215 Lakeview Dr!!,"$495,000",Cedar Creek Lake,N/A,https://dallas.craigslist.org/dal/reb/d/mabank-for-sale-215-lakeview-dr/7846493909.html
FOR SALE: 9789 S HWY 34!!,"$554,000",Scurry,N/A,https://dallas.craigslist.org/dal/reb/d/scurry-for-sale-9789-hwy-34/7845893943.html
FOR SALE: 0 CR 2100!!,"$600,000",Kemp,N/A,https://dallas.craigslist.org/dal/reb/d/kemp-for-sale-cr-2100/7844638723.html
FOR SALE: 0 VZ CR 2702!!,"$499,000",Cedar Creek Lake,N/A,https://dallas.craigslist.org/dal/reb/d/trinidad-for-sale-vz-cr-2702/7846488583.html
FOR SALE: 1800 Mason Ln!!,"$775,000",Cedar Creek Lake,N/A,https://dallas.craigslist.org/dal/reb/d/mabank-for-sale-1800-mason-ln/7844635913.html
Property for sale,$0,Granbury,N/A,https://dallas.craigslist.org/ftw/reo/d/granbury-property-for-sale/7855680968.html
FOR SALE: 0 HWY 175 E!!,"$780,000",Mabank,N/A,https://dallas.craigslist.org/dal/reb/d/mabank-for-sale-hwy-175/7847087631.html
**SOLD** 4 Bed/1.5 Bath Investment Opportunity in Mesquite,$0,Mesquite,N/A,https://dallas.craigslist.org/dal/reb/d/mesquite-sold-bed-15-bath-investment/7855670013.html
3Bd Fixxer House| 30 Acres Land| No Restrictions | Water | No Flood,"$349,000",Nacogdoches | Lufkin | Apple Springs,N/A,https://dallas.craigslist.org/dal/reo/d/nacogdoches-3bd-fixxer-house-30-acres/7855048213.html
**SOLD** 3 Bed/2 Bath Investment Opportunity in Carrollton,$0,Carrollton,N/A,https://dallas.craigslist.org/dal/reb/d/carrollton-sold-bed-bath-investment/7855674830.html
**SOLD** 3 Bed/2 Bath Investment Opportunity in Garland,$0,Garland,N/A,https://dallas.craigslist.org/dal/reb/d/garland-sold-bed-bath-investment/7855674079.html
Quiet Country Acreage with Utilities ‚Äì Near Dallas,"$109,999",Lone Oak,N/A,https://dallas.craigslist.org/ndf/reo/d/lone-oak-quiet-country-acreage-with/7855667080.html
"5 Acres Near Lake Eufaula ‚Äì Pittsburg County, OK","$41,560",dallas,N/A,https://dallas.craigslist.org/dal/reo/d/crowder-acres-near-lake-eufaula/7855669271.html
"5.93 Acres ‚Äì McIntosh County, OK - 2.5 hours from Dallas","$47,600",dallas,N/A,https://dallas.craigslist.org/dal/reo/d/dustin-593-acres-mcintosh-county-ok-25/7855664556.html
"Welcome to this desirable 2-bedroom, 2.5-bath townhome","$472,500",dallas,N/A,https://dallas.craigslist.org/dal/reb/d/dallas-welcome-to-this-desirable/7849912824.html
Be Among The First/ Pre Selling,"$241,990",Princeton TX,N/A,https://dallas.craigslist.org/ndf/reb/d/princeton-be-among-the-first-pre-selling/7855105827.html
Now Selling- New Comunity,"$239,990",Princeton TX,N/A,https://dallas.craigslist.org/ndf/reb/d/princeton-now-selling-new-comunity/7855106695.html
Just Released -Now Preselling,"$232,990",Princeton TX,N/A,https://dallas.craigslist.org/ndf/reb/d/princeton-just-released-now-preselling/7855107511.html
Pre Sell Pricing- Act Now,"$209,990",Princeton TX,N/A,https://dallas.craigslist.org/ndf/reb/d/princeton-pre-sell-pricing-act-now/7855108607.html
"2-2-1 house, Keller ISD, Owner Finance - Dueno a Dueno","$259,900",Watauga,N/A,https://dallas.craigslist.org/ftw/reo/d/fort-worth-house-keller-isd-owner/7852374760.html
*Almost 3 acres with 3beds+3.5baths and a 24x30 shop with electricity*,"$570,000",Joshua,N/A,https://dallas.craigslist.org/ftw/reb/d/joshua-almost-acres-with-3beds35baths/7855649839.html
OPEN HOUSE | SAT 11AM - 1 PM | 5201 Beaver Creek Ave,"$337,000",Denton,N/A,https://dallas.craigslist.org/ndf/reb/d/denton-open-house-sat-11am-pm-beaver/7855646683.html
Style and Functionality,"$602,990",Little Elm TX,N/A,https://dallas.craigslist.org/ndf/reb/d/little-elm-style-and-functionality/7855080591.html
Comfort Flexibility and Style,"$685,638",Little Elm TX,N/A,https://dallas.craigslist.org/ndf/reb/d/little-elm-comfort-flexibility-and-style/7855081762.html
Elegant Design A Must See,"$652,990",Little Elm TX,N/A,https://dallas.craigslist.org/ndf/reb/d/little-elm-elegant-design-must-see/7855083017.html
Spaces to fit your lifestyle,"$696,558",Little Elm TX,N/A,https://dallas.craigslist.org/ndf/reb/d/little-elm-spaces-to-fit-your-lifestyle/7855084328.html
Gorgeous Two Story Design,"$654,990",Prosper TX,N/A,https://dallas.craigslist.org/ndf/reb/d/prosper-gorgeous-two-story-design/7855645252.html
Great Location Exceptional Prosper ISD,"$644,990",Prosper TX,N/A,https://dallas.craigslist.org/ndf/reb/d/prosper-great-location-exceptional/7855644428.html
Uniquely Designed Home Ready Now,"$623,490",Prosper TX,N/A,https://dallas.craigslist.org/ndf/reb/d/prosper-uniquely-designed-home-ready-now/7855643626.html
"FIVE BEDROOMS 2 baths, living room, dinning room, marble wood floor","$379,500",garland,N/A,https://dallas.craigslist.org/dal/reo/d/garland-five-bedrooms-baths-living-room/7852009107.html
"FIVE BEDROOMS 2 baths, living dinning, marble wood floor! walk school","$379,500",garland,N/A,https://dallas.craigslist.org/dal/reo/d/garland-five-bedrooms-baths-living/7854188354.html
Stunning and Uniquely Designed,"$597,990",Prosper TX,N/A,https://dallas.craigslist.org/ndf/reb/d/prosper-stunning-and-uniquely-designed/7855642871.html
Spacious Two Story Home,"$840,869",Frisco TX,N/A,https://dallas.craigslist.org/ndf/reb/d/frisco-spacious-two-story-home/7855637907.html
Bright Open Floor Plan,"$559,990",Frisco TX,N/A,https://dallas.craigslist.org/ndf/reb/d/frisco-bright-open-floor-plan/7855637076.html
Designed For Modern Living,"$688,298",Frisco TX,N/A,https://dallas.craigslist.org/ndf/reb/d/frisco-designed-for-modern-living/7855635926.html
Spa Like Owners Bath,"$664,990",Frisco TX,N/A,https://dallas.craigslist.org/ndf/reb/d/frisco-spa-like-owners-bath/7855634967.html
Beautiful Gourmet Kitchen,"$669,990",Frisco TX,N/A,https://dallas.craigslist.org/ndf/reb/d/frisco-beautiful-gourmet-kitchen/7855634088.html
"Lovely Addison Circle area 2 bdrm condo ‚Äì No Banks, Seller Finance",$1,N. Dallas/Addison Circle area,N/A,https://dallas.craigslist.org/ndf/reb/d/dallas-lovely-addison-circle-area-bdrm/7852900122.html
"On Lake Lewisville, 3 bdrm Mobile Home - Possible Seller Finance",$1,South Denton/Shady Shores,N/A,https://dallas.craigslist.org/dal/reb/d/lake-dallas-on-lake-lewisville-bdrm/7851114825.html
"OFF MARKET LAND DEAL DTX 4.7 Acres - $450,000 (Seagoville)","$450,000",Seagoville,N/A,https://dallas.craigslist.org/dal/reo/d/forney-off-market-land-deal-dtx-47/7855628352.html
"Seller Finance Available on 0.36 Acres ‚Äì 4BR Home in Fort Worth, TX","$225,000",Fort Worth,N/A,https://dallas.craigslist.org/ftw/reo/d/fort-worth-seller-finance-available-on/7853854568.html
"Seller Finance Available on 1.02 Acres ‚Äì 4BR Home in Argyle, TX","$749,999",Argyle,N/A,https://dallas.craigslist.org/ndf/reo/d/argyle-seller-finance-available-on-102/7853749427.html
"Seller Finance Available ‚Äì 3 Bed, 2 Bath Mobile Home in Granbury, TX","$45,000",Granbury,N/A,https://dallas.craigslist.org/ftw/reo/d/granbury-seller-finance-available-bed/7849147559.html
"Seller Finance Available on 2 Bed/2 Bath Mobile Home in Joshua, TX","$35,000",Joshua,N/A,https://dallas.craigslist.org/mdf/reo/d/joshua-seller-finance-available-on-bed/7846575332.html
"Seller Financing ( 3 bed 2 bath ) mobile home , Little Elm tx","$46,000",Little Elm,N/A,https://dallas.craigslist.org/ndf/reo/d/little-elm-seller-financing-bed-bath/7851243146.html
"Seller Finance Available on 3-Bedroom Mobile Home in Weatherford, TX","$135,000",Weatherford,N/A,https://dallas.craigslist.org/mdf/reo/d/weatherford-seller-finance-available-on/7848180364.html
"Seller Finance Available on Spacious 3-Bedroom Mobile Home in Granbury, TX","$169,900",Granbury,N/A,https://dallas.craigslist.org/mdf/reo/d/granbury-seller-finance-available-on/7848182471.html
"Seller Finance Available on 3-Bedroom Mobile Home in Fort Worth, TX","$79,999",Fort Worth,N/A,https://dallas.craigslist.org/ftw/reo/d/fort-worth-seller-finance-available-on/7847793698.html
"Prosper, TX 4BR Home ‚Äì Move-In Ready ‚Äì Hills at Legacy","$799,000",dallas,N/A,https://dallas.craigslist.org/dal/reo/d/prosper-prosper-tx-4br-home-move-in/7855621172.html
OFF MARKET WYLIE DEAL,"$300,000",WYLIE,N/A,https://dallas.craigslist.org/dal/reb/d/wylie-off-market-wylie-deal/7855618366.html
GRANBURY REPO - OWNER/MORTGAGE COMPANY FINANCING AVAILABLE! 3/2 + land,"$165,900",Branbury,N/A,https://dallas.craigslist.org/ftw/reb/d/granbury-granbury-repo-owner-mortgage/7855615577.html
"Unrestricted Land in East Texas ‚Äì Build, Camp, or Invest!","$65,000",dallas,N/A,https://dallas.craigslist.org/dal/reo/d/bagwell-unrestricted-land-in-east-texas/7855611325.html
Off Market Keller Springs Condo,"$160,000",Dallas,N/A,https://dallas.craigslist.org/dal/reb/d/dallas-off-market-keller-springs-condo/7855609259.html
Your Ideal Payment,"$291,899",Ennis TX,N/A,https://dallas.craigslist.org/sdf/reb/d/ennis-your-ideal-payment/7855055053.html
Own For Less,"$294,147",Ennis TX,N/A,https://dallas.craigslist.org/sdf/reb/d/ennis-own-for-less/7855057044.html
Unlock Exclusive Buyer Benefits,"$311,141",Ennis TX,N/A,https://dallas.craigslist.org/sdf/reb/d/ennis-unlock-exclusive-buyer-benefits/7855058349.html
Your Path To Homeownership,"$330,478",Ennis TX,N/A,https://dallas.craigslist.org/sdf/reb/d/ennis-your-path-to-homeownership/7855059721.html
Ideal for Entertaining,"$699,000","Celina, TX",N/A,https://dallas.craigslist.org/ndf/reb/d/celina-ideal-for-entertaining/7853811757.html
Newly Designed Floor Plan,"$739,000","Celina, TX",N/A,https://dallas.craigslist.org/ndf/reb/d/celina-newly-designed-floor-plan/7853813221.html
Chef's Dream w/Large Island,"$769,000","Celina, TX",N/A,https://dallas.craigslist.org/ndf/reb/d/celina-chefs-dream-large-island/7853814583.html
1st Floor Movie Retreat,"$799,000","Celina, TX",N/A,https://dallas.craigslist.org/ndf/reb/d/celina-1st-floor-movie-retreat/7853816043.html
Beautiful Sun Room / Golf Community,"$324,830","Celina, TX",N/A,https://dallas.craigslist.org/ndf/reb/d/celina-beautiful-sun-room-golf-community/7853823836.html
Versatile Flex Room /Active Adult,"$344,160","Celina, TX",N/A,https://dallas.craigslist.org/ndf/reb/d/celina-versatile-flex-room-active-adult/7853824854.html
Panoramic Sliding Glass Door,"$329,990","Celina, TX",N/A,https://dallas.craigslist.org/ndf/reb/d/celina-panoramic-sliding-glass-door/7853825876.html
Built In Appliances/ Golf Community,"$466,330","Celina, TX",N/A,https://dallas.craigslist.org/ndf/reb/d/celina-built-in-appliances-golf/7853827433.html
Light and Bright Throughout,"$475,000","Celina, TX",N/A,https://dallas.craigslist.org/ndf/reb/d/celina-light-and-bright-throughout/7853828536.html
Brownstone Inspired Exterior,"$638,385",Frisco TX,N/A,https://dallas.craigslist.org/ndf/reb/d/prosper-brownstone-inspired-exterior/7853848663.html
Premium Corner Unit,"$727,175",Frisco TX,N/A,https://dallas.craigslist.org/ndf/reb/d/prosper-premium-corner-unit/7853849616.html
Natural Light / Corner Lot,"$748,260",Frisco TX,N/A,https://dallas.craigslist.org/ndf/reb/d/prosper-natural-light-corner-lot/7853850643.html
Purchase This Home w/ Less Than $5K,"$206,621",Crandall TX,N/A,https://dallas.craigslist.org/ndf/reb/d/crandall-purchase-this-home-less-than-5k/7853874786.html
No Funds for Down payment? No Problem,"$208,222",Crandall TX,N/A,https://dallas.craigslist.org/ndf/reb/d/crandall-no-funds-for-down-payment-no/7853875698.html
Move in For Less/ $5K or Less,"$209,294",Crandall TX,N/A,https://dallas.craigslist.org/ndf/reb/d/crandall-move-in-for-less-5k-or-less/7853876591.html
Purchase for Less Than Rent,"$212,517",Crandall TX,N/A,https://dallas.craigslist.org/ndf/reb/d/crandall-purchase-for-less-than-rent/7853877770.html
No Down Payment/ No Closing Cost,"$224,674",Crandall TX,N/A,https://dallas.craigslist.org/ndf/reb/d/crandall-no-down-payment-no-closing-cost/7853878565.html
Designed To Cultivate Serenity,"$269,900",Lavon TX,N/A,https://dallas.craigslist.org/ndf/reb/d/lavon-designed-to-cultivate-serenity/7853885973.html
New Home/ New Beginnings,"$274,990",Lavon TX,N/A,https://dallas.craigslist.org/ndf/reb/d/lavon-new-home-new-beginnings/7853887569.html
Spacious and Welcoming,"$289,900",Lavon TX,N/A,https://dallas.craigslist.org/ndf/reb/d/lavon-spacious-and-welcoming/7853889001.html
Thoughtfully Designed Spaces,"$354,823",Princeton TX,N/A,https://dallas.craigslist.org/ndf/reb/d/princeton-thoughtfully-designed-spaces/7853778736.html
Fourth Bedroom w Private Bath,"$374,370",Princeton TX,N/A,https://dallas.craigslist.org/ndf/reb/d/princeton-fourth-bedroom-private-bath/7853779806.html
Study and Flex Space,"$450,802",Princeton TX,N/A,https://dallas.craigslist.org/ndf/reb/d/princeton-study-and-flex-space/7853781215.html
Fun Game Room,"$488,435",Princeton TX,N/A,https://dallas.craigslist.org/ndf/reb/d/princeton-fun-game-room/7853782858.html
Spacious Flex Rooms,"$457,001",Princeton TX,N/A,https://dallas.craigslist.org/ndf/reb/d/princeton-spacious-flex-rooms/7853784080.html
Impressive Kitchen,"$467,398",Princeton TX,N/A,https://dallas.craigslist.org/ndf/reb/d/princeton-impressive-kitchen/7853786098.html
Five Bedrooms plus Game Room,"$517,647",Princeton TX,N/A,https://dallas.craigslist.org/ndf/reb/d/princeton-five-bedrooms-plus-game-room/7853787759.html
New Homes Under $200K,"$189,990",Crandall TX,N/A,https://dallas.craigslist.org/sdf/reb/d/crandall-new-homes-under-200k/7854337018.html
Gourmet Kitchen,"$744,900",Celina TX,N/A,https://dallas.craigslist.org/ndf/reb/d/celina-gourmet-kitchen/7854316747.html
Designed For Entertaining,"$659,900",Celina TX,N/A,https://dallas.craigslist.org/ndf/reb/d/celina-designed-for-entertaining/7854315399.html
Luxury Details Throughout,"$639,900",Celina TX,N/A,https://dallas.craigslist.org/ndf/reb/d/celina-luxury-details-throughout/7854313234.html
No Down Payment? No Problem,"$223,986",north DFW,N/A,https://dallas.craigslist.org/ndf/reb/d/aubrey-no-down-payment-no-problem/7853557888.html
No Down Payment/ No Closing Cost,"$264,214",north DFW,N/A,https://dallas.craigslist.org/ndf/reb/d/aubrey-no-down-payment-no-closing-cost/7853559521.html
Move In For Less,"$270,905",north DFW,N/A,https://dallas.craigslist.org/ndf/reb/d/aubrey-move-in-for-less/7853560896.html
No Down Payment? We have you covered,"$278,886",north DFW,N/A,https://dallas.craigslist.org/ndf/reb/d/aubrey-no-down-payment-we-have-you/7853562313.html
If You Are Renting... You Can Own,"$282,887",north DFW,N/A,https://dallas.craigslist.org/ndf/reb/d/aubrey-if-you-are-renting-you-can-own/7853564227.html
Comfort and Convenience,"$282,017",north DFW,N/A,https://dallas.craigslist.org/ndf/reb/d/aubrey-comfort-and-convenience/7853565443.html
Smart Use Of Space,"$293,475",north DFW,N/A,https://dallas.craigslist.org/ndf/reb/d/aubrey-smart-use-of-space/7853566918.html
Incredible Financing,"$282,746",Ennis TX,N/A,https://dallas.craigslist.org/sdf/reb/d/ennis-incredible-financing/7855052797.html
Payments That Fit Your Budget,"$246,700",Ennis TX,N/A,https://dallas.craigslist.org/sdf/reb/d/ennis-payments-that-fit-your-budget/7855049620.html
Oversized Kitchen Island,"$423,595",Justin TX,N/A,https://dallas.craigslist.org/ftw/reb/d/justin-oversized-kitchen-island/7855587641.html
Unbelievable Value/ Low Payments,"$269,131",Ennis TX,N/A,https://dallas.craigslist.org/sdf/reb/d/ennis-unbelievable-value-low-payments/7855051093.html
0.14 acres buildable vacant lot - Terrell,$0,Terrell,N/A,https://dallas.craigslist.org/dal/reo/d/terrell-014-acres-buildable-vacant-lot/7844347828.html
Sale by Owner 4 bed; 3 bath; 2 car 2178 sqft Oakbrook Development,"$334,000",Van Alstyne,N/A,https://dallas.craigslist.org/ndf/reo/d/van-alstyne-sale-by-owner-bed-bath-car/7855596257.html
WEATHERFORD BRICK 3/2 W CARPORT,"$187,500",La junta,N/A,https://dallas.craigslist.org/ftw/reb/d/weatherford-weatherford-brick-2-carport/7855594123.html
Upstairs Loft and Game Room,"$474,115",Justin TX,N/A,https://dallas.craigslist.org/ftw/reb/d/justin-upstairs-loft-and-game-room/7855592626.html
"BRAND NEW 3/2 DOUBLEWIDE ONLY 75,900","$75,900",your land,N/A,https://dallas.craigslist.org/dal/reb/d/tyler-brand-new-2-doublewide-only-75900/7845245498.html
LOOKING FOR A DEAL,$0,your area,N/A,https://dallas.craigslist.org/dal/reb/d/tyler-looking-for-deal/7845245352.html
BIG AND BEAUTIFUL 4 OR 5 BEDROOM 3 BATH,"$179,900",your land,N/A,https://dallas.craigslist.org/dal/reb/d/tyler-big-and-beautiful-or-bedroom-bath/7845245202.html
LARGE 3 bedroom 2 bath,"$79,900",your land,N/A,https://dallas.craigslist.org/dal/reb/d/tyler-large-bedroom-bath/7845245049.html
3/2 DOUBLEWIDE WITH A ISLAND KITCHEN,"$79,900",your land,N/A,https://dallas.craigslist.org/dal/reb/d/tyler-2-doublewide-with-island-kitchen/7845244900.html
WOW!!! CHECK THIS ONE OUT,"$139,900",your land,N/A,https://dallas.craigslist.org/dal/reb/d/tyler-wow-check-this-one-out/7845244713.html
NEED A HOME EASY FINANCING,"$39,995",your area,N/A,https://dallas.craigslist.org/dal/reb/d/tyler-need-home-easy-financing/7845244500.html
REPOS REPOS REPOS EASY FINANCING,"$39,995",your land,N/A,https://dallas.craigslist.org/dal/reb/d/tyler-repos-repos-repos-easy-financing/7845244349.html
BEAUTIFUL 5 BEDROOM,"$139,900",your land,N/A,https://dallas.craigslist.org/dal/reb/d/tyler-beautiful-bedroom/7845244224.html
WOW!!! THIS IS A DEAL! 4/2 WITH 2 LIVING AREAS,"$149,900",your land,N/A,https://dallas.craigslist.org/dal/reb/d/tyler-wow-this-is-deal-2-with-living/7845244087.html
WEATHERFORD DUPLEX - AIRBNB POTENTIAL,"$245,500",La Junta,N/A,https://dallas.craigslist.org/ftw/reb/d/weatherford-weatherford-duplex-airbnb/7855589698.html
Built In Stainless Appliances,"$432,085",Justin TX,N/A,https://dallas.craigslist.org/ftw/reb/d/justin-built-in-stainless-appliances/7855589250.html
Beautiful 4 BR house in Cedar Hill,"$342,500",Cedar Hill,N/A,https://dallas.craigslist.org/mdf/reb/d/cedar-hill-beautiful-br-house-in-cedar/7855589025.html
Plenty of natural Light,"$424,730",Justin TX,N/A,https://dallas.craigslist.org/ftw/reb/d/justin-plenty-of-natural-light/7855586586.html
Off Market Land,"$65,000",Corsicana,N/A,https://dallas.craigslist.org/sdf/reb/d/corsicana-off-market-land/7855586359.html
Off Market Land,"$65,000",Corsicana,N/A,https://dallas.craigslist.org/sdf/reb/d/corsicana-off-market-land/7855585727.html
4 Bedroom 2 Bath house in Arlington for SALE,"$420,000",Arlington,N/A,https://dallas.craigslist.org/ftw/reb/d/arlington-bedroom-bath-house-in/7855585187.html
"üî• Dallas, TX Investor Opportunity ‚Äì 75241 üî•","$184,000",dallas,N/A,https://dallas.craigslist.org/dal/reb/d/dallas-dallas-tx-investor-opportunity/7855584062.html
"Fresh Paint, Pool Oasis, Spacious Kitchen Island!",$0,"Celina, Texas",N/A,https://dallas.craigslist.org/dal/reb/d/celina-fresh-paint-pool-oasis-spacious/7845116683.html
"Elegant Fireplace, Spacious Walk-In Closet, Fresh Paint & New Flooring",$0,"Frisco, Texas",N/A,https://dallas.craigslist.org/dal/reb/d/frisco-elegant-fireplace-spacious-walk/7849603365.html
"Fresh Paint, Stylish Kitchen Backsplash, Spacious 4-Bedroom Oasis!",$0,"Mesquite, Texas",N/A,https://dallas.craigslist.org/dal/reb/d/mesquite-fresh-paint-stylish-kitchen/7845115955.html
"Renovated Kitchen, Custom Tile Shower, Entertainer's Backyard",$0,"Sachse, Texas",N/A,https://dallas.craigslist.org/dal/reb/d/sachse-renovated-kitchen-custom-tile/7855029313.html
Stunning Fireplace. Covered Patio. Game & Media Rooms.,$0,"Wylie, Texas",N/A,https://dallas.craigslist.org/dal/reb/d/wylie-stunning-fireplace-covered-patio/7849593541.html
"Elegant Fireplace, Private Pool, Modern Kitchen",$0,"Allen, Texas",N/A,https://dallas.craigslist.org/dal/reb/d/allen-elegant-fireplace-private-pool/7849593309.html
"New Flooring, Striking Kitchen Backsplash, Cozy Fireplace",$0,"Plano, Texas",N/A,https://dallas.craigslist.org/dal/reb/d/plano-new-flooring-striking-kitchen/7849592910.html
"Modern Kitchen, Cozy Fireplace, Outdoor Oasis!",$0,"Sunnyvale, Texas",N/A,https://dallas.craigslist.org/dal/reb/d/sunnyvale-modern-kitchen-cozy-fireplace/7849592287.html
"Stylish Upgrades, Pristine Backyard Oasis, Relaxing Primary Suite!",$0,"Richardson, Texas",N/A,https://dallas.craigslist.org/dal/reb/d/richardson-stylish-upgrades-pristine/7845118632.html
"Neutral Paint, Spa-like Bath, Private Pool!",$0,"McKinney, Texas",N/A,https://dallas.craigslist.org/dal/reb/d/mckinney-neutral-paint-spa-like-bath/7849582280.html
"Natural Palette, Covered Patio, Spacious Kitchen",$0,"Garland, TX",N/A,https://dallas.craigslist.org/dal/reb/d/garland-natural-palette-covered-patio/7844833205.html
Luxury Living Near Fields West Frisco. Gourmet Kitchen; Private Yard,$0,"McKinney, Texas",N/A,https://dallas.craigslist.org/dal/reb/d/mckinney-luxury-living-near-fields-west/7845112503.html
"Fresh Paint & Flooring, Spacious Kitchen, Tranquil Primary Suite!",$0,"McKinney, Texas",N/A,https://dallas.craigslist.org/dal/reb/d/mckinney-fresh-paint-flooring-spacious/7849592036.html
"Chef‚Äôs Kitchen, Cozy Fireplace, Covered Patio!",$0,"Prosper, Texas",N/A,https://dallas.craigslist.org/dal/reb/d/prosper-chefs-kitchen-cozy-fireplace/7849598777.html
"Stylish Backsplash, Relaxing Backyard, Double Sinks",$0,"Garland, TX",N/A,https://dallas.craigslist.org/dal/reb/d/garland-stylish-backsplash-relaxing/7849594004.html
Elegant Home; Accented Kitchen Backsplash; Relaxing Cover Patio,$0,"Sunnyvale, Texas",N/A,https://dallas.craigslist.org/dal/reb/d/sunnyvale-elegant-home-accented-kitchen/7849590174.html
"üèóÔ∏è Prime Land Development Opportunity in Greenville, TX","$5,870,000",Greenville,N/A,https://dallas.craigslist.org/ndf/reo/d/greenville-prime-land-development/7855577120.html
"Modern Fireplace, Chef's Dream Kitchen, Relaxing Primary Bath Oasis",$0,"Garland, TX",N/A,https://dallas.craigslist.org/dal/reb/d/garland-modern-fireplace-chefs-dream/7849590809.html
"Bright Interior, Spacious Kitchen Island, Private Fenced Backyard",$0,"Sachse, Texas",N/A,https://dallas.craigslist.org/dal/reb/d/sachse-bright-interior-spacious-kitchen/7849583482.html
"Cozy Fireplace, Private Pool Oasis, Sleek Kitchen",$0,"McKinney, Texas",N/A,https://dallas.craigslist.org/dal/reb/d/plano-cozy-fireplace-private-pool-oasis/7844907211.html
"Fresh Paint, Renovated Kitchen, and Spacious Backyard Oasis!",$0,"Duncanville, TX",N/A,https://dallas.craigslist.org/dal/reb/d/duncanville-fresh-paint-renovated/7844906701.html
"Fireplace Charm, Gourmet Kitchen, Ideal Backyard!",$0,"McKinney, Texas",N/A,https://dallas.craigslist.org/dal/reb/d/mckinney-fireplace-charm-gourmet/7855029657.html
"Private Pool, Cozy Fireplace, Modern Touches",$0,"Prosper, Texas",N/A,https://dallas.craigslist.org/dal/reb/d/prosper-private-pool-cozy-fireplace/7844833313.html
"Cozy Fireplace, Stylish Backsplash, Relaxing Covered Backyard Space!",$0,"Garland, TX",N/A,https://dallas.craigslist.org/dal/reb/d/garland-cozy-fireplace-stylish/7849594671.html
"Cozy Fireplace, Private Pool, Spacious 5-Bedroom Home!",$0,"Dallas, Texas",N/A,https://dallas.craigslist.org/dal/reb/d/dallas-cozy-fireplace-private-pool/7849591679.html
"Fresh Paint, Stylish Kitchen Backsplash, Cozy Fireplace!",$0,"Richardson, Texas",N/A,https://dallas.craigslist.org/dal/reb/d/richardson-fresh-paint-stylish-kitchen/7849583254.html
Cozy Fireplace; Stylish Kitchen Island; Private Fenced Backyard Oasis,$0,"McKinney, Texas",N/A,https://dallas.craigslist.org/dal/reb/d/mckinney-cozy-fireplace-stylish-kitchen/7849580304.html
"New Roof & Windows, Modern Kitchen, Private Backyard Oasis",$0,"Richardson, Texas",N/A,https://dallas.craigslist.org/dal/reb/d/richardson-new-roof-windows-modern/7849578499.html
Modern Kitchen Island; Freshly Painted Interior; Inviting Backyard,$0,"Rowlett, Texas",N/A,https://dallas.craigslist.org/dal/reb/d/rowlett-modern-kitchen-island-freshly/7849579567.html
"Fresh Paint, New Flooring, Spacious Kitchen with Island",$0,"Grand Prairie, Texas",N/A,https://dallas.craigslist.org/dal/reb/d/grand-prairie-fresh-paint-new-flooring/7845115346.html
"Private Pool, Chef's Delight Kitchen, Cozy Fireplace",$0,"Melissa, Texas",N/A,https://dallas.craigslist.org/dal/reb/d/melissa-private-pool-chefs-delight/7853353376.html
"Custom Fireplace, Spacious Kitchen Island, Charming Backyard Oasis",$0,"Rowlett, Texas",N/A,https://dallas.craigslist.org/dal/reb/d/rowlett-custom-fireplace-spacious/7849578898.html
"Charming Fireplace, Modern Kitchen, Spacious Fenced Backyard",$0,"McKinney, Texas",N/A,https://dallas.craigslist.org/dal/reb/d/mckinney-charming-fireplace-modern/7849579212.html
"New Flooring, Stone Kitchen, Spacious Primary Suite!",$0,"Dallas, Texas",N/A,https://dallas.craigslist.org/dal/reb/d/dallas-new-flooring-stone-kitchen/7853349888.html
"Fresh Paint, Sleek Kitchen, Inviting Backyard BBQ Area",$0,"Celina, Texas",N/A,https://dallas.craigslist.org/dal/reb/d/celina-fresh-paint-sleek-kitchen/7853349118.html
Spacious 5-Bed Home; Fireplace Charm; Fenced Backyard Oasis!,$0,"Irving, Texas",N/A,https://dallas.craigslist.org/dal/reb/d/irving-spacious-bed-home-fireplace/7849602677.html
"Sleek Kitchen, Spacious Primary Suite, Relaxing Backyard!",$0,"McKinney, Texas",N/A,https://dallas.craigslist.org/dal/reb/d/mckinney-sleek-kitchen-spacious-primary/7853354511.html
"Fresh Paint & Flooring, Chef's Kitchen, Private Pool Oasis",$0,"Allen, Texas",N/A,https://dallas.craigslist.org/dal/reb/d/allen-fresh-paint-flooring-chefs/7853352495.html
"Stylish Kitchen, Serene Suite, Pristine Backyard Oasis with Pool!",$0,"Farmersville, Texas",N/A,https://dallas.craigslist.org/dal/reb/d/farmersville-stylish-kitchen-serene/7853350623.html
"Chef's Kitchen, Luxurious Primary Bath, 2709 Sq Ft",$0,"McKinney, Texas",N/A,https://dallas.craigslist.org/dal/reb/d/mckinney-chefs-kitchen-luxurious/7849604449.html
"Fresh Paint, Stylish Kitchen Backsplash, Perfect Backyard BBQ Space!",$0,"Allen, Texas",N/A,https://dallas.craigslist.org/dal/reb/d/allen-fresh-paint-stylish-kitchen/7849601994.html
"Cozy Fireplace, Spacious Patio, Modern Kitchen!",$0,"Plano, Texas",N/A,https://dallas.craigslist.org/dal/reb/d/plano-cozy-fireplace-spacious-patio/7849592588.html
"Fireplace Charm, Private In-Ground Pool, Stylish Kitchen!",$0,"Rowlett, Texas",N/A,https://dallas.craigslist.org/dal/reb/d/rowlett-fireplace-charm-private-in/7849602981.html
"Fresh Paint, Elegant Kitchen, Tranquil Covered Patio",$0,"Carrollton, Texas",N/A,https://dallas.craigslist.org/dal/reb/d/carrollton-fresh-paint-elegant-kitchen/7849603750.html
"Fresh Paint, Stylish Kitchen, Inviting Backyard!",$0,"Wylie, Texas",N/A,https://dallas.craigslist.org/dal/reb/d/wylie-fresh-paint-stylish-kitchen/7853351399.html
"Natural Palette, Walk-In Closet, Relaxing Backyard Oasis",$0,"Dallas, Texas",N/A,https://dallas.craigslist.org/dal/reb/d/dallas-natural-palette-walk-in-closet/7849575039.html
"Cozy Fireplace, Stylish Kitchen, Relaxing Backyard Oasis Awaits!",$0,"Garland, TX",N/A,https://dallas.craigslist.org/dal/reb/d/garland-cozy-fireplace-stylish-kitchen/7849578177.html
"Fireplace Warmth, Luxurious Bathroom, Relaxing Deck!",$0,"Irving, Texas",N/A,https://dallas.craigslist.org/dal/reb/d/irving-fireplace-warmth-luxurious/7854292351.html
"Fresh Paint, Cozy Fireplace, Inviting Backyard!",$0,"McKinney, Texas",N/A,https://dallas.craigslist.org/dal/reb/d/mckinney-fresh-paint-cozy-fireplace/7849602412.html
"Charming Fireplace, Chef's Kitchen, Serene Spa-Like Bath",$0,"Wylie, Texas",N/A,https://dallas.craigslist.org/dal/reb/d/wylie-charming-fireplace-chefs-kitchen/7849594382.html
"Gourmet Kitchen, Luxurious Bath Retreat, Fresh Updates",$0,"Frisco, Texas",N/A,https://dallas.craigslist.org/dal/reb/d/plano-gourmet-kitchen-luxurious-bath/7849594978.html
"Cozy Fireplace Charm, Modern Kitchen Island, Fresh Paint Inside & Out!",$0,"Cedar Hill, Texas",N/A,https://dallas.craigslist.org/dal/reb/d/cedar-hill-cozy-fireplace-charm-modern/7849595221.html
Private Pool; 5 Fenced Backyard; Stunning Kitchen!,$0,"Frisco, Texas",N/A,https://dallas.craigslist.org/dal/reb/d/prosper-private-pool-fenced-backyard/7849604122.html
"Charming Dallas Retreat, Modern Kitchen, Spacious Yard",$0,"Dallas, Texas",N/A,https://dallas.craigslist.org/dal/reb/d/plano-charming-dallas-retreat-modern/7849604710.html
"Charming Fireplace, Gourmet Kitchen Island, Spacious Primary Suite!",$0,"Dallas, Texas",N/A,https://dallas.craigslist.org/dal/reb/d/dallas-charming-fireplace-gourmet/7849595522.html
"Fresh Paint, Gorgeous Kitchen, Spacious Backyard",$0,"Allen, Texas",N/A,https://dallas.craigslist.org/dal/reb/d/allen-fresh-paint-gorgeous-kitchen/7849598086.html
"Fireplace Charm, Chef's Kitchen, Private Pool Retreat!",$0,"Plano, Texas",N/A,https://dallas.craigslist.org/dal/reb/d/plano-fireplace-charm-chefs-kitchen/7849598451.html
"Fresh Paint,Elegant Fireplace; Spacious Primary Bath with Double Sinks",$0,"Wylie, Texas",N/A,https://dallas.craigslist.org/dal/reb/d/wylie-fresh-paintelegant-fireplace/7849599640.html
"Cozy Fireplace, Sleek Kitchen, and Spa-Like Retreat!",$0,"Melissa, Texas",N/A,https://dallas.craigslist.org/dal/reb/d/melissa-cozy-fireplace-sleek-kitchen/7849599229.html
"Chef's Kitchen, Cozy Fireplace, Spa-Like Bath Retreat!",$0,"Frisco, Texas",N/A,https://dallas.craigslist.org/dal/reb/d/frisco-chefs-kitchen-cozy-fireplace-spa/7849581711.html
*******PLANO*****OFF-MARKET***,"$405,000",fort worth,N/A,https://dallas.craigslist.org/ftw/reo/d/plano-planooff-market/7855573644.html
Plano-----OFF-MARKET---,"$405,000",north DFW,N/A,https://dallas.craigslist.org/ndf/reo/d/plano-plano-off-market/7855573117.html
OFF-MARKET-----PLANO,"$405,000",dallas,N/A,https://dallas.craigslist.org/dal/reb/d/plano-off-market-plano/7855572611.html
"4 bedroom in Plano - pool, media, study and Game room 75025 zip","$630,000",West Plano,N/A,https://dallas.craigslist.org/ndf/reb/d/plano-bedroom-in-plano-pool-media-study/7855570726.html
"Home for Sale - $175,000.00","$175,000",Fort Worth,N/A,https://dallas.craigslist.org/ftw/reo/d/fort-worth-home-for-sale/7846558579.html
5 bedroom-4 bath-Media & Game Room-2 story,"$780,000",Anna,N/A,https://dallas.craigslist.org/ndf/reo/d/melissa-bedroom-bath-media-game-room/7855565523.html
Updated CORNER unit located steps from Lower,"$194,900",dallas,N/A,https://dallas.craigslist.org/dal/reb/d/dallas-updated-corner-unit-located/7855555485.html
"Discover comfortable urban living in this spacious 2-bedroom,","$220,000",dallas,N/A,https://dallas.craigslist.org/dal/reb/d/dallas-discover-comfortable-urban/7855554474.html
"ONE Acre Lot, Easy Urban Access","$179,000",Tioga,N/A,https://dallas.craigslist.org/dal/reb/d/tioga-one-acre-lot-easy-urban-access/7850733198.html
Stunning Willow Bend West Home,"$1,275,000",Plano,N/A,https://dallas.craigslist.org/ndf/reb/d/plano-stunning-willow-bend-west-home/7850772073.html
Rare Lot-and-a-Half ‚Äì One Block from Tietze Park!,"$1,925,000",dallas,N/A,https://dallas.craigslist.org/dal/reb/d/dallas-rare-lot-and-half-one-block-from/7855551118.html
Beautifully Renovated Home with Modern Touches T,"$187,500",dallas,N/A,https://dallas.craigslist.org/dal/reb/d/dallas-beautifully-renovated-home-with/7855550073.html
A Rare Opportunity in Iconic Park Tower! Offered,"$759,900",dallas,N/A,https://dallas.craigslist.org/dal/reb/d/dallas-rare-opportunity-in-iconic-park/7855552263.html
14 x 60 2017 Mobile Home,"$19,900",Ponder,N/A,https://dallas.craigslist.org/ndf/reo/d/ponder-14-mobile-home/7855555358.html
2-Bedroom Townhome in Prime SOHIP Location,"$575,000",dallas,N/A,https://dallas.craigslist.org/dal/reb/d/dallas-bedroom-townhome-in-prime-sohip/7855554975.html
"This well-maintained 4-bedroom, 1.5-bath home","$224,000",dallas,N/A,https://dallas.craigslist.org/dal/reb/d/dallas-this-well-maintained-bedroom-15/7855547881.html
WOW Great value in renovated home,"$299,000",dallas,N/A,https://dallas.craigslist.org/dal/reb/d/dallas-wow-great-value-in-renovated-home/7855547249.html
Rare opportunity to own a 5-story detached townhome just,"$649,000",dallas,N/A,https://dallas.craigslist.org/dal/reb/d/dallas-rare-opportunity-to-own-5-story/7855551563.html
4/2.5/2 Home for Sale Lease or Rent to OWN - goto BuyOwnerFinance.com,"$2,000",fort worth,N/A,https://dallas.craigslist.org/mdf/reb/d/fort-worth-home-for-sale-lease-or-rent/7852052770.html
Luxurious 2story 4/2.5/2 for Lease or use rent money to OWN IT,"$2,000",fort worth,N/A,https://dallas.craigslist.org/mdf/reb/d/fort-worth-luxurious-2story-for-lease/7852053398.html
NICE 3/2/2 for RENT or use rent money to OWN IT,"$2,000",fort worth,N/A,https://dallas.craigslist.org/mdf/reb/d/fort-worth-nice-for-rent-or-use-rent/7852051831.html
Shops barns housing,$0,Crandall,N/A,https://dallas.craigslist.org/dal/reo/d/crandall-shops-barns-housing/7855531250.html
FOR SALE Cozy 3bd 1bt home,"$199,000",Ft Worth,N/A,https://dallas.craigslist.org/ftw/reb/d/fort-worth-for-sale-cozy-3bd-1bt-home/7855507396.html
Owner financed home | Plano TX,"$45,000",dallas,N/A,https://dallas.craigslist.org/dal/reo/d/plano-owner-financed-home-plano-tx/7855495514.html
Open house on SUN JUNE 08(2-6pm),$0,McKinney,N/A,https://dallas.craigslist.org/ndf/reo/d/mckinney-open-house-on-sun-june-082-6pm/7855491522.html
"$100,000 below tax appraisal: 4353 Sq Ft, Pool, Open Plan Living!",$0,Coppell,N/A,https://dallas.craigslist.org/ndf/reb/d/coppell-below-tax-appraisal-4353-sq-ft/7852667377.html
Beautiful Custom Home in Greenville TX,"$217,000",Greenville,N/A,https://dallas.craigslist.org/dal/reb/d/greenville-beautiful-custom-home-in/7855480859.html
Cedar Creek Lake Builder Ready Lots for Sale,$0,Cedar Creek Lake,N/A,https://dallas.craigslist.org/ndf/reo/d/mabank-cedar-creek-lake-builder-ready/7855478384.html
"3/2/2, brick home with 2 acres in Childress, Texas!","$265,000",Dallas,N/A,https://dallas.craigslist.org/dal/reo/d/dallas-brick-home-with-acres-in/7851535632.html
"3/2/2, brick home with 2 acres in Childress, Texas!","$265,000",Fort Worth,N/A,https://dallas.craigslist.org/ftw/reo/d/fort-worth-brick-home-with-acres-in/7851534251.html
"50 x 100 Lot near Lake Whitney, TX!","$4,000",Whitney,N/A,https://dallas.craigslist.org/ftw/reo/d/whitney-50-100-lot-near-lake-whitney-tx/7855467941.html
Charming & appealing - in Meadow Glen/Keller!,"$59,000",Meadow Glen,N/A,https://dallas.craigslist.org/ndf/reb/d/fort-worth-charming-appealing-in-meadow/7849988470.html
SO many great features & great price in Euless!,"$168,000",Harston Woods/Euless,N/A,https://dallas.craigslist.org/mdf/reb/d/euless-so-many-great-features-great/7849988162.html
Modern Luxury & Charm at Unbeatable Value!,"$157,900",Harston Woods/Euless,N/A,https://dallas.craigslist.org/mdf/reb/d/euless-modern-luxury-charm-at/7849987910.html
üè† RARE OFF-MARKET FLIP IN CARROLLTON! üè†,"$320,000",Carollton,N/A,https://dallas.craigslist.org/ndf/reo/d/carrollton-rare-off-market-flip-in/7855467361.html
New Homes under $200K,"$189,990",Crandall TX,N/A,https://dallas.craigslist.org/sdf/reb/d/crandall-new-homes-under-200k/7854822962.html
Reduced to Sell/No Down Payment Available,"$220,335",Crandall TX,N/A,https://dallas.craigslist.org/sdf/reb/d/crandall-reduced-to-sell-no-down/7854836023.html
Move in for Less! No Down Payment/No Closing Cost,"$229,460",Crandall TX,N/A,https://dallas.craigslist.org/sdf/reb/d/crandall-move-in-for-less-no-down/7854837101.html
Own for Less Than Renting,"$235,999",Crandall TX,N/A,https://dallas.craigslist.org/sdf/reb/d/crandall-own-for-less-than-renting/7854838168.html
No Funds For Down Payment? We Have you Covered,"$240,999",Crandall TX,N/A,https://dallas.craigslist.org/sdf/reb/d/crandall-no-funds-for-down-payment-we/7854839259.html
Kaufman $pecial priced 4 quick sell       ARV 250k,"$149,000",Kaufman,N/A,https://dallas.craigslist.org/mdf/reo/d/kaufman-kaufman-pecial-priced-quick/7850046961.html
"SHOWING TOMORROW, OFF MARKET CARROLLTON!!","$329,000",CARROLLTON,N/A,https://dallas.craigslist.org/dal/reo/d/carrollton-showing-tomorrow-off-market/7855425914.html
"Will Take Payments / Ready to Assign / Subto Deal / Mineral Wells, TX","$30,000",Mineral Wells,N/A,https://dallas.craigslist.org/ftw/reo/d/mineral-wells-will-take-payments-ready/7848654004.html
75225Beautiful Fully Furnished Preston Hollow Home,"$9,000",Preston Hollow,N/A,https://dallas.craigslist.org/dal/reo/d/dallas-75225beautiful-fully-furnished/7855424573.html
OFF Market 80s build with a pool in Carrollton - 75007,"$329,000",Carrollton,N/A,https://dallas.craigslist.org/dal/reb/d/carrollton-off-market-80s-build-with/7855417658.html
Beautiful South Facing Home,"$669,152","Celina, TX",N/A,https://dallas.craigslist.org/ndf/reb/d/celina-beautiful-south-facing-home/7855397216.html
"Azle, TX 76020 EASY fix and flip 3 bedroom home","$279,000",Azle,N/A,https://dallas.craigslist.org/ndf/reb/d/azle-azle-tx-easy-fix-and-flip-bedroom/7851479111.html
"9.3 Acres , Blue Ridge, Tx., Residential, Commercial, Multi-Family","$899,000","Blue Ridge, Texas",N/A,https://dallas.craigslist.org/dal/reb/d/blue-ridge-93-acres-blue-ridge-tx/7855389636.html
0.4123 acre  residential lot,"$45,000","Sherman, Tx.",N/A,https://dallas.craigslist.org/dal/reo/d/sherman-acre-residential-lot/7855380461.html
$200K Investor Special Off-Market Property,$0,Dallas,N/A,https://dallas.craigslist.org/dal/reb/d/dallas-200k-investor-special-off-market/7855379166.html
"Little Elm - $13,300 Down. Move In!",$0,Little Elm,N/A,https://dallas.craigslist.org/ndf/reb/d/little-elm-little-elm-down-move-in/7854560607.html
Quiet Casa Linda home. East Dallas $8400 down,$0,Casa Linda,N/A,https://dallas.craigslist.org/dal/reb/d/dallas-quiet-casa-linda-home-east/7854560664.html
4 bedrooms in Garland. $8322 down payment.,$0,Garland,N/A,https://dallas.craigslist.org/dal/reb/d/garland-bedrooms-in-garland-8322-down/7854560726.html
"Spacious Plano Home! Move-in For $10,000 Down!",$0,dallas,N/A,https://dallas.craigslist.org/dal/reb/d/plano-spacious-plano-home-move-in-for/7854560904.html
"4 bedrooms - $12,000 Down - Move In - Richardson Schools",$0,Richardson,N/A,https://dallas.craigslist.org/dal/reb/d/richardson-bedrooms-down-move-in/7854560978.html
"Lakewood Home 17,500 Down Payment",$0,dallas,N/A,https://dallas.craigslist.org/dal/reb/d/dallas-lakewood-home-down-payment/7851204874.html
$120K Investor Special Off-Market Deal,$0,Lake Worth,N/A,https://dallas.craigslist.org/dal/reb/d/fort-worth-120k-investor-special-off/7855377582.html
NEW LISTING ALERT!! - PLANO,"$450,000",Plano,N/A,https://dallas.craigslist.org/dal/reb/d/plano-new-listing-alert-plano/7855375170.html
$329K Investor Special Off-Market Property,$0,Carrolton,N/A,https://dallas.craigslist.org/dal/reb/d/carrollton-329k-investor-special-off/7855371581.html
"HOME IN THE MOUNTAINS FOR SALE IN SOUTH FORK CO,","$489,000",SOUTH FORK CO.,N/A,https://dallas.craigslist.org/dal/reo/d/south-fork-home-in-the-mountains-for/7845004030.html
"$329,000K Investor Special","$329,000",Crooked Creek,N/A,https://dallas.craigslist.org/dal/reb/d/carrollton-investor-special/7855363102.html
2641 Deer Hollow Drive,"$499,900",Little Elm,N/A,https://dallas.craigslist.org/ndf/reb/d/little-elm-2641-deer-hollow-drive/7845158207.html
Ample Room To Grow,"$409,772",McKinney TX,N/A,https://dallas.craigslist.org/ndf/reb/d/mckinney-ample-room-to-grow/7855335156.html
Style and Function,"$394,801",McKinney TX,N/A,https://dallas.craigslist.org/ndf/reb/d/mckinney-style-and-function/7855333143.html
A Haven of Comfort,"$460,438","Celina, TX",N/A,https://dallas.craigslist.org/ndf/reb/d/celina-haven-of-comfort/7855331483.html
Spacious Modern Townhome,"$446,314","Celina, TX",N/A,https://dallas.craigslist.org/ndf/reb/d/celina-spacious-modern-townhome/7855329583.html
Gated Community/ No MUD/No PID,"$679,990",McKinney TX,N/A,https://dallas.craigslist.org/ndf/reb/d/mckinney-gated-community-no-mud-no-pid/7851725321.html
No MUD No PID Gated Community,"$559,990",McKinney TX,N/A,https://dallas.craigslist.org/ndf/reb/d/mckinney-no-mud-no-pid-gated-community/7851727058.html
New Gated Community/ No MUD No PID,"$679,990",McKinney TX,N/A,https://dallas.craigslist.org/ndf/reb/d/mckinney-new-gated-community-no-mud-no/7851728786.html
Perfect for Growing Families,"$699,990",McKinney TX,N/A,https://dallas.craigslist.org/ndf/reb/d/mckinney-perfect-for-growing-families/7851730302.html
Oversized Homesite No MUD No PID,"$799,000",McKinney TX,N/A,https://dallas.craigslist.org/ndf/reb/d/mckinney-oversized-homesite-no-mud-no/7851731497.html
Unlock Your Dream Home with Exclusive Offers,"$389,990","Celina, TX",N/A,https://dallas.craigslist.org/ndf/reb/d/celina-unlock-your-dream-home-with/7852111014.html
Rare Double Primary Bedrooms,"$896,308",Frisco TX,N/A,https://dallas.craigslist.org/ndf/reb/d/frisco-rare-double-primary-bedrooms/7851503209.html
Regal Curb Appeal,"$913,508",Frisco TX,N/A,https://dallas.craigslist.org/ndf/reb/d/frisco-regal-curb-appeal/7851504736.html
Spacious 5 Bedroom Home,"$707,940",McKinney TX,N/A,https://dallas.craigslist.org/ndf/reb/d/mckinney-spacious-bedroom-home/7852070635.html
Spacious One Story Home,"$622,100",McKinney TX,N/A,https://dallas.craigslist.org/ndf/reb/d/mckinney-spacious-one-story-home/7852069792.html
Game Room and Media Room,"$655,250",McKinney TX,N/A,https://dallas.craigslist.org/ndf/reb/d/mckinney-game-room-and-media-room/7852068855.html
Spacious Living Areas,"$675,890",McKinney TX,N/A,https://dallas.craigslist.org/ndf/reb/d/mckinney-spacious-living-areas/7852067728.html
Built in Stainless Appliances,"$513,040",McKinney TX,N/A,https://dallas.craigslist.org/ndf/reb/d/mckinney-built-in-stainless-appliances/7852066559.html
North Facing Homesite,"$808,663",Frisco TX,N/A,https://dallas.craigslist.org/ndf/reb/d/frisco-north-facing-homesite/7851498146.html
Prepare To Be Amazed,"$890,825",Frisco TX,N/A,https://dallas.craigslist.org/ndf/reb/d/frisco-prepare-to-be-amazed/7851499235.html
Gated Driveway Large Homesite,"$894,658",Frisco TX,N/A,https://dallas.craigslist.org/ndf/reb/d/frisco-gated-driveway-large-homesite/7851500410.html
First Floor Movie Retreat,"$799,000","Celina, TX",N/A,https://dallas.craigslist.org/ndf/reb/d/celina-first-floor-movie-retreat/7852051374.html
Chef's Dream w Large Island,"$769,000","Celina, TX",N/A,https://dallas.craigslist.org/ndf/reb/d/celina-chefs-dream-large-island/7852050145.html
Crafted For Today's Living,"$739,000","Celina, TX",N/A,https://dallas.craigslist.org/ndf/reb/d/celina-crafted-for-todays-living/7852049132.html
Kitchen Designed for Cooking,"$719,000","Celina, TX",N/A,https://dallas.craigslist.org/ndf/reb/d/celina-kitchen-designed-for-cooking/7852047769.html
Designed To Impress,"$699,000","Celina, TX",N/A,https://dallas.craigslist.org/ndf/reb/d/celina-designed-to-impress/7852046620.html
Beautiful Stone Accents,"$412,130","Celina, TX",N/A,https://dallas.craigslist.org/ndf/reb/d/celina-beautiful-stone-accents/7851442092.html
